,AT,BP,DT,HU,RN,SL,VB,WD,WL,WS,WT
2017-07-01 00:00:00,29.4,1006.5,,75.0,,23.1,,88.0,129.0,0.8,29.2
2017-07-01 01:00:00,29.3,1007.1,,76.0,,21.0,,59.0,121.0,1.0,29.3
2017-07-01 02:00:00,29.0,1007.7,,77.0,,23.4,,118.0,121.0,0.4,29.5
2017-07-01 03:00:00,29.1,1007.7,,78.0,,22.5,,1.0,121.0,0.4.1,29.3
2017-07-01 04:00:00,29.0,1007.3,,78.0,,28.3,,52.0,125.0,0.7,29.1
2017-07-01 05:00:00,28.9,1006.5,,79.0,,30.7,,127.0,135.0,0.4.2,29.2
2017-07-01 06:00:00,28.8,1005.9,,81.0,,28.5,,97.0,141.0,0.6,29.1
2017-07-01 07:00:00,28.2,1005.7,,78.0,,26.0,,6.0,148.0,0.3,29.1
2017-07-01 08:00:00,27.9,1005.5,,80.0,,29.4,,351.0,150.0,0.7.1,29.2
2017-07-01 09:00:00,27.7,1005.5,,79.0,,29.2,,59.1,147.0,1.3,29.2
2017-07-01 10:00:00,27.8,1006.0,,79.0,,27.1,,41.0,141.0,0.8.1,29.9
2017-07-01 11:00:00,28.4,1006.4,,77.0,,23.9,,48.0,130.0,1.3.1,30.3
2017-07-01 12:00:00,30.7,1006.7,,71.0,,23.3,,67.0,120.0,0.5,30.6
2017-07-01 13:00:00,31.6,1006.9,,67.0,,25.2,,202.0,105.0,2.4,30.9
2017-07-01 14:00:00,31.3,1006.8,,71.0,,24.7,,217.0,100.0,2.6,31.0
2017-07-01 15:00:00,31.0,1006.7,,68.0,,22.0,,203.0,91.0,3.8,31.3
2017-07-01 16:00:00,31.8,1006.2,,69.0,,23.0,,208.0,140.0,4.0,31.3
2017-07-01 17:00:00,31.5,1005.6,,70.0,,25.6,,214.0,610.0,4.5,31.2
2017-07-01 18:00:00,32.1,1005.1,,66.0,,25.3,,219.0,117.0,3.1,31.3
2017-07-01 19:00:00,31.3,1004.2,,68.0,,22.8,,212.0,916.0,2.4.1,31.1
2017-07-01 20:00:00,31.4,1004.2,,69.0,,23.4,,217.1,154.0,1.9,30.8
2017-07-01 21:00:00,30.8,1004.4,,67.0,,23.8,,224.0,1608.0,1.8,30.7
2017-07-01 22:00:00,30.6,1005.0,,69.0,,25.9,,177.0,88.0,1.5,30.3
2017-07-01 23:00:00,30.2,1005.4,,73.0,,23.9,,181.0,2349.0,1.8.1,30.0
2017-07-02 00:00:00,29.9,1006.0,,74.0,,22.8,,171.0,145.0,1.9,29.6
2017-07-02 01:00:00,29.8,1006.3,,71.0,,23.1,,158.0,138.0,1.8,29.5
2017-07-02 02:00:00,29.7,1006.6,,74.0,,20.4,,153.0,130.0,1.1,29.4
2017-07-02 03:00:00,29.8,1006.6,,77.0,,21.4,,182.0,124.0,0.9,29.5
2017-07-02 04:00:00,29.5,1006.2,,78.0,,21.5,,169.0,122.0,1.2,29.3
2017-07-02 05:00:00,29.7,1005.7,,79.0,,19.3,,193.0,115.0,2.0,29.2
2017-07-02 06:00:00,29.5,1004.9,,78.0,,19.1,,178.0,122.0,2.1,29.4
2017-07-02 07:00:00,29.4,1004.7,,80.0,,19.7,,196.0,120.0,2.3,29.4
2017-07-02 08:00:00,29.4,1004.8,,80.0,,20.7,,204.0,128.0,2.0.1,29.4
2017-07-02 09:00:00,28.8,1005.3,,82.0,,27.1,,147.0,131.0,0.4,29.9
2017-07-02 10:00:00,28.8,1005.9,,83.0,,21.2,,165.0,127.0,0.3,30.5
2017-07-02 11:00:00,29.6,1006.0,,80.0,,22.4,,192.0,130.0,0.4.1,31.1
2017-07-02 12:00:00,30.6,1006.3,,77.0,,22.2,,310.0,128.0,1.5,31.7
2017-07-02 13:00:00,31.6,1005.9,,72.0,,22.3,,224.0,119.0,1.5.1,32.1
2017-07-02 14:00:00,31.5,1006.1,,74.0,,20.9,,266.0,111.0,2.6,32.4
2017-07-02 15:00:00,31.8,1005.5,,71.0,,21.4,,211.0,103.0,3.2,32.0
2017-07-02 16:00:00,32.2,1004.8,,65.0,,22.3,,247.0,94.0,4.1,32.0
2017-07-02 17:00:00,32.2,1004.5,,64.0,,22.5,,254.0,149.0,4.6,32.0
2017-07-02 18:00:00,31.4,1004.2,,66.0,,23.1,,266.1,617.0,5.0,31.8
2017-07-02 19:00:00,31.3,1003.8,,68.0,,23.6,,256.0,112.0,4.2,31.1
2017-07-02 20:00:00,31.0,1004.1,,66.0,,24.8,,248.0,1206.0,4.5,31.0
2017-07-02 21:00:00,30.8,1004.5,,66.0,,26.9,,262.0,136.0,4.0,30.8
2017-07-02 22:00:00,30.4,1004.7,,67.0,,26.2,,248.1,1747.0,2.3.1,30.5
2017-07-02 23:00:00,30.0,1005.2,,68.0,,24.3,,273.0,9999.0,1.8.1,30.1
2017-07-03 00:00:00,29.7,1005.6,,68.0,,22.5,,314.0,,1.0,
2017-07-03 01:00:00,29.6,1005.8,,69.0,,20.4,,213.0,,0.2,
2017-07-03 02:00:00,29.3,1006.0,,72.0,,21.1,,217.0,,0.4,
2017-07-03 03:00:00,28.9,1005.9,,71.0,,19.3,,111.0,,0.0,
2017-07-03 04:00:00,29.1,1005.7,,73.0,,23.4,,278.0,,0.2.1,
2017-07-03 05:00:00,29.3,1005.1,,71.0,,23.8,,41.0,,0.0.1,
2017-07-03 06:00:00,29.6,1004.5,,76.0,,23.4,,139.0,,0.9,
2017-07-03 07:00:00,29.5,1004.3,,78.0,,23.8,,164.0,,1.9,
2017-07-03 08:00:00,29.7,1004.3,,77.0,,25.4,,179.0,,1.3,
2017-07-03 09:00:00,29.8,1004.7,,76.0,,25.6,,166.0,,1.1,
2017-07-03 10:00:00,29.8,1005.2,,76.0,,26.1,,158.0,,1.2,
2017-07-03 11:00:00,30.1,1005.8,,76.0,,25.9,,159.0,,1.9.1,
2017-07-03 12:00:00,30.6,1005.7,,73.0,,23.4,,194.0,,3.2,
2017-07-03 13:00:00,30.7,1005.8,,74.0,,23.6,,195.0,,2.9,
2017-07-03 14:00:00,31.1,1005.6,,71.0,,23.1,,199.0,,1.9.2,
2017-07-03 15:00:00,31.6,1005.2,,68.0,,22.8,,263.0,,1.7,
2017-07-03 16:00:00,31.7,1005.0,,62.0,,22.2,,246.0,,3.7,
2017-07-03 17:00:00,31.4,1004.6,,69.0,,22.4,,215.0,,4.0,
2017-07-03 18:00:00,31.2,1004.1,,65.0,,23.4,,246.1,,3.3,
2017-07-03 19:00:00,30.9,1003.8,,68.0,,23.6,,250.0,,3.7.1,
2017-07-03 20:00:00,30.6,1003.7,,66.0,,23.5,,256.0,,3.7.2,
2017-07-03 21:00:00,30.2,1003.8,,68.0,,24.9,,256.1,,3.9,
2017-07-03 22:00:00,29.8,1004.1,,71.0,,24.8,,259.0,,4.0.1,
2017-07-03 23:00:00,29.4,1004.6,,73.0,,26.9,,234.0,,3.2.1,
2017-07-04 00:00:00,29.4,1005.7,,72.0,,27.3,,250.0,164.0,2.2,29.6
2017-07-04 01:00:00,29.4,1006.1,,72.0,,24.9,,255.0,153.0,1.2,29.3
2017-07-04 02:00:00,29.2,1006.6,,73.0,,23.0,,315.0,148.0,1.8,28.7
2017-07-04 03:00:00,28.9,1006.6,,75.0,,21.8,,314.0,135.0,1.5,28.9
2017-07-04 04:00:00,28.6,1005.9,,75.0,,23.9,,289.0,120.0,1.2.1,29.0
2017-07-04 05:00:00,28.2,1005.8,,75.0,,26.1,,298.0,106.0,0.4,29.0
2017-07-04 06:00:00,28.0,1005.2,,75.0,,29.1,,307.0,98.0,1.4,29.2
2017-07-04 07:00:00,27.9,1004.8,,74.0,,30.5,,307.1,99.0,1.2.2,29.3
2017-07-04 08:00:00,27.8,1004.6,,74.0,,29.9,,334.0,97.0,0.4.1,29.2
2017-07-04 09:00:00,28.0,1005.1,,73.0,,30.7,,42.0,99.0,0.7,29.5
2017-07-04 10:00:00,28.5,1005.7,,73.0,,30.8,,0.0,104.0,0.3,29.8
2017-07-04 11:00:00,29.7,1006.1,,69.0,,31.1,,131.0,108.0,0.0,30.3
2017-07-04 12:00:00,31.5,1006.8,,64.0,,30.8,,140.0,115.0,1.2.3,30.5
2017-07-04 13:00:00,32.0,1007.4,,63.0,,29.9,,175.0,109.0,1.6,31.1
2017-07-04 14:00:00,33.7,1007.3,,49.0,,29.5,,166.0,109.0,2.4,32.0
2017-07-04 15:00:00,33.5,1007.0,,55.0,,29.3,,171.0,107.0,3.3,32.0
2017-07-04 16:00:00,33.7,1006.7,,53.0,,29.2,,175.1,95.0,2.9,32.2
2017-07-04 17:00:00,33.7,1005.9,,57.0,,30.2,,127.0,53.0,1.7,31.6
2017-07-04 18:00:00,34.1,1005.0,,55.0,,28.3,,142.0,166.0,2.7,31.2
2017-07-04 19:00:00,34.3,1004.3,,55.0,,27.5,,157.0,732.0,2.2.1,30.7
2017-07-04 20:00:00,33.6,1004.6,,58.0,,27.6,,155.0,91.0,2.6,30.3
2017-07-04 21:00:00,32.9,1004.7,,62.0,,27.3,,167.0,1537.0,2.0,30.0
2017-07-04 22:00:00,31.2,1005.1,,66.0,,27.5,,150.0,118.0,1.2.4,30.0
2017-07-04 23:00:00,29.4,1006.2,,67.0,,27.6,,259.0,2005.0,1.9,29.7
2017-07-05 00:00:00,29.4,1006.5,,65.0,11.0,28.0,,216.0,165.0,0.4,29.7
2017-07-05 01:00:00,29.7,1006.7,,67.0,1.5,27.1,,41.0,175.0,1.2,29.2
2017-07-05 02:00:00,29.7,1007.2,,69.0,1.8,26.0,,345.0,172.0,0.4.1,29.3
2017-07-05 03:00:00,29.4,1007.7,,71.0,0.1,25.8,,9.0,164.0,0.4.2,29.3
2017-07-05 04:00:00,29.5,1007.4,,73.0,14.4,29.5,,54.0,149.0,0.9,29.5
2017-07-05 05:00:00,29.1,1006.7,,74.0,14.4,28.6,,4.0,132.0,0.5,29.0
2017-07-05 06:00:00,28.9,1006.3,,76.0,,27.1,,35.0,117.0,0.9.1,28.8
2017-07-05 07:00:00,28.8,1005.8,,77.0,,28.5,,50.0,105.0,1.1,28.9
2017-07-05 08:00:00,25.4,1006.8,,84.0,,30.3,,340.0,95.0,1.0,28.9
2017-07-05 09:00:00,25.5,1007.1,,86.0,,31.9,,337.0,83.0,0.9.2,29.1
2017-07-05 10:00:00,25.2,1007.3,,86.0,,31.8,,40.0,83.0,0.4.3,29.3
2017-07-05 11:00:00,26.1,1007.5,,86.0,,32.7,,61.0,89.0,0.4.4,29.6
2017-07-05 12:00:00,27.7,1008.4,,80.0,,32.5,,48.0,94.0,1.0.1,29.9
2017-07-05 13:00:00,28.1,1008.9,,77.0,,32.6,,263.0,101.0,3.2,30.3
2017-07-05 14:00:00,29.1,1008.6,,70.0,,32.5,,296.0,105.0,2.3,30.9
2017-07-05 15:00:00,30.8,1007.8,,59.0,,32.2,,273.0,109.0,1.1.1,31.4
2017-07-05 16:00:00,31.4,1006.7,,58.0,,29.4,,215.0,108.0,0.9.3,30.9
2017-07-05 17:00:00,32.2,1006.2,,58.0,,2.0,,292.0,99.0,0.7,30.9
2017-07-05 18:00:00,32.4,1005.8,,60.0,,25.4,,233.0,32.0,1.8,30.6
2017-07-05 19:00:00,31.4,1005.2,,62.0,,24.9,,206.0,177.0,1.9,30.2
2017-07-05 20:00:00,31.9,1005.1,,55.0,,25.6,,153.0,827.0,1.8.1,30.3
2017-07-05 21:00:00,30.9,1005.5,,60.0,,24.3,,160.0,80.0,0.8,29.7
2017-07-05 22:00:00,30.5,1006.0,,62.0,,26.5,,170.0,1641.0,1.4,30.2
2017-07-05 23:00:00,29.9,1006.6,,64.0,,25.4,,135.0,9999.0,0.8.1,29.6
2017-07-06 00:00:00,29.5,1007.1,,67.0,0.1,28.3,,112.0,154.0,0.7,30.1
2017-07-06 01:00:00,29.3,1007.5,,69.0,9.5,27.1,,58.0,166.0,0.9,29.6
2017-07-06 02:00:00,29.2,1008.8,,70.0,7.4,25.9,,70.0,175.0,0.7.1,29.3
2017-07-06 03:00:00,29.2,1008.4,,73.0,0.5,26.8,,33.0,176.0,0.8,29.4
2017-07-06 04:00:00,28.8,1007.5,,76.0,0.3,25.5,,34.0,171.0,0.7.2,29.1
2017-07-06 05:00:00,28.7,1007.0,,77.0,0.3,23.7,,50.0,162.0,0.5,28.9
2017-07-06 06:00:00,28.7,1006.3,,77.0,0.5,25.2,,22.0,145.0,0.5.1,28.7
2017-07-06 07:00:00,26.8,1006.1,,79.0,16.5,28.8,,238.0,125.0,1.8,29.0
2017-07-06 08:00:00,25.9,1007.0,,85.0,21.6,31.6,,140.0,108.0,1.8.1,29.2
2017-07-06 09:00:00,25.8,1006.6,,89.0,17.5,31.5,,351.0,92.0,0.5.2,29.3
2017-07-06 10:00:00,25.9,1007.0,,91.0,39.2,33.1,,51.0,78.0,0.9.1,29.3
2017-07-06 11:00:00,26.2,1007.5,,91.0,56.7,32.5,,88.0,73.0,0.8.1,29.5
2017-07-06 12:00:00,26.9,1007.5,,86.0,,31.6,,54.0,77.0,0.5.3,30.0
2017-07-06 13:00:00,28.7,1007.9,,75.0,,31.6,,207.0,81.0,0.3,30.6
2017-07-06 14:00:00,29.8,1007.8,,70.0,,31.4,,222.0,89.0,1.1,30.6
2017-07-06 15:00:00,30.1,1007.3,,68.0,,32.3,,218.0,99.0,2.3,30.8
2017-07-06 16:00:00,31.0,1007.1,,65.0,,32.5,,214.0,107.0,1.9,30.9
2017-07-06 17:00:00,30.7,1006.3,,70.0,,32.5,,166.0,109.0,3.1,30.6
2017-07-06 18:00:00,30.3,1005.5,,71.0,,32.5,,168.0,178.0,3.0,30.4
2017-07-06 19:00:00,30.8,1004.8,,66.0,,30.3,,170.0,858.0,2.9,29.8
2017-07-06 20:00:00,30.2,1004.3,,69.0,,21.4,,158.0,70.0,2.4,28.9
2017-07-06 21:00:00,28.8,1004.4,,75.0,,23.9,,162.0,1639.0,1.4,29.2
2017-07-06 22:00:00,26.8,1005.0,,82.0,,23.8,,50.1,9999.0,2.2,29.1
2017-07-06 23:00:00,27.0,1006.0,,91.0,,24.5,,51.1,9999.0,1.4.1,28.9
2017-07-07 00:00:00,26.6,1006.5,,92.0,0.4,25.6,,48.0,152.0,1.3,28.9
2017-07-07 01:00:00,26.6,1006.8,,92.0,0.1,29.2,,48.1,168.0,1.4,28.9
2017-07-07 02:00:00,26.6,1007.2,,90.0,0.1,27.5,,51.0,176.0,1.5,29.0
2017-07-07 03:00:00,26.8,1007.2,,87.0,38.3,26.6,,42.0,181.0,1.0,28.8
2017-07-07 04:00:00,26.2,1006.8,,92.0,6.1,25.8,,45.0,179.0,1.0.1,28.5
2017-07-07 05:00:00,26.0,1006.5,,95.0,4.1,25.2,,52.0,172.0,2.1,28.2
2017-07-07 06:00:00,25.8,1005.8,,95.0,6.6,24.1,,42.1,159.0,1.5.1,28.1
2017-07-07 07:00:00,25.7,1005.2,,95.0,4.2,23.1,,353.0,139.0,1.3.1,27.9
2017-07-07 08:00:00,25.8,1005.4,,96.0,7.0,24.2,,51.1,119.0,1.7,28.0
2017-07-07 09:00:00,26.0,1006.1,,96.0,2.7,25.2,,318.0,94.0,0.5,28.6
2017-07-07 10:00:00,25.8,1006.4,,96.0,2.6,23.1,,47.0,78.0,0.5.1,28.4
2017-07-07 11:00:00,25.9,1006.8,,96.0,2.7,22.5,,13.0,66.0,0.5.2,28.3
2017-07-07 12:00:00,25.9,1007.4,,96.0,0.2,19.7,,52.1,60.0,1.2,27.8
2017-07-07 13:00:00,26.0,1007.6,,96.0,0.2,17.6,,47.1,66.0,0.9,27.6
2017-07-07 14:00:00,26.2,1007.6,,93.0,0.4,15.6,,48.2,76.0,1.7.1,27.8
2017-07-07 15:00:00,26.7,1007.3,,92.0,0.1,13.6,,47.2,79.0,1.3.2,28.1
2017-07-07 16:00:00,27.8,1006.9,,85.0,7.5,13.1,,50.0,92.0,1.3.3,27.7
2017-07-07 17:00:00,29.7,1006.3,,78.0,72.2,11.6,,142.0,102.0,0.0,27.4
2017-07-07 18:00:00,31.0,1005.9,,72.0,11.1,11.5,,289.0,184.0,0.5.3,27.3
2017-07-07 19:00:00,27.0,1005.6,,85.0,83.3,10.3,,61.0,918.0,1.1,27.0
2017-07-07 20:00:00,27.2,1005.2,,86.0,,10.9,,71.0,60.0,0.6,26.8
2017-07-07 21:00:00,27.7,1005.3,,86.0,,11.1,,118.0,1757.0,0.6.1,26.6
2017-07-07 22:00:00,27.4,1006.0,,85.0,,12.6,,99.0,9999.0,1.7.2,26.5
2017-07-07 23:00:00,27.4,1006.8,,85.0,,11.7,,50.1,9999.0,0.8,26.5
2017-07-08 00:00:00,27.4,1007.6,,86.0,13.5,13.5,,89.0,138.0,0.0,26.5
2017-07-08 01:00:00,27.2,1008.2,,87.0,0.1,12.6,,50.0,155.0,1.2,26.6
2017-07-08 02:00:00,27.2,1009.4,,87.0,5.7,12.9,,48.0,171.0,0.3,26.6
2017-07-08 03:00:00,27.3,1009.4,,88.0,13.6,13.4,,97.0,180.0,0.3.1,26.7
2017-07-08 04:00:00,27.2,1009.0,,88.0,5.7,13.6,,41.0,184.0,0.8,26.7
2017-07-08 05:00:00,27.1,1008.2,,87.0,19.3,14.7,,48.1,179.0,1.0,26.6
2017-07-08 06:00:00,27.2,1007.3,,88.0,,14.7,,353.0,166.0,0.3.2,26.7
2017-07-08 07:00:00,26.4,1007.2,,90.0,,16.6,,55.0,147.0,1.6,26.8
2017-07-08 08:00:00,26.3,1007.2,,92.0,,15.1,,63.0,124.0,0.5,26.8
2017-07-08 09:00:00,26.1,1007.1,,94.0,,14.5,,0.0,105.0,0.0.1,26.9
2017-07-08 10:00:00,26.4,1007.3,,95.0,,18.5,,60.0,82.0,0.8.1,27.1
2017-07-08 11:00:00,27.3,1007.8,,95.0,,20.6,,349.0,67.0,0.1,27.2
2017-07-08 12:00:00,29.4,1008.4,,84.0,,19.0,,148.0,57.0,1.0.1,27.6
2017-07-08 13:00:00,30.0,1008.9,,77.0,,17.3,,249.0,58.0,0.1.1,27.8
2017-07-08 14:00:00,30.5,1008.9,,76.0,,17.3,,178.0,64.0,1.6.1,27.4
2017-07-08 15:00:00,30.7,1008.8,,73.0,,17.3,,161.0,74.0,2.0,27.5
2017-07-08 16:00:00,30.8,1008.3,,74.0,,16.5,,152.0,84.0,2.2,28.1
2017-07-08 17:00:00,28.1,1008.1,,77.0,,15.4,,325.0,97.0,1.4,29.0
2017-07-08 18:00:00,29.1,1007.2,,73.0,,15.2,,22.0,184.0,0.6,28.7
2017-07-08 19:00:00,31.6,1006.7,,67.0,,14.9,,304.0,959.0,1.3,28.1
2017-07-08 20:00:00,31.7,1006.3,,68.0,,14.7,,264.0,54.0,1.8,27.6
2017-07-08 21:00:00,31.2,1006.4,,72.0,,14.6,,204.0,1855.0,1.0.2,27.5
2017-07-08 22:00:00,30.2,1006.7,,74.0,,14.4,,125.0,9999.0,1.3.1,27.4
2017-07-08 23:00:00,29.3,1007.4,,74.0,,14.6,,69.0,9999.0,0.6.1,27.4
2017-07-09 00:00:00,29.0,1008.2,,78.0,0.2,13.9,,58.0,134.0,0.7,27.4
2017-07-09 01:00:00,28.8,1009.0,,78.0,0.1,14.3,,48.0,149.0,0.9,27.4
2017-07-09 02:00:00,28.6,1009.8,,80.0,0.2,14.8,,337.0,168.0,0.6,27.5
2017-07-09 03:00:00,28.4,1010.1,,80.0,0.1,15.5,,37.0,175.0,0.7.1,27.6
2017-07-09 04:00:00,28.0,1010.0,,82.0,0.3,15.6,,339.0,185.0,0.0,27.7
2017-07-09 05:00:00,28.1,1009.3,,82.0,,14.5,,43.0,185.0,1.4,27.7
2017-07-09 06:00:00,27.8,1008.6,,83.0,,15.4,,52.0,177.0,1.0,27.7
2017-07-09 07:00:00,27.9,1008.4,,83.0,,20.2,,92.0,159.0,0.7.2,27.8
2017-07-09 08:00:00,28.3,1008.6,,82.0,,19.1,,125.0,135.0,1.1,27.9
2017-07-09 09:00:00,28.0,1008.7,,82.0,,19.1,,63.0,114.0,1.9,28.3
2017-07-09 10:00:00,27.7,1008.8,,84.0,,18.0,,49.0,93.0,0.5,29.1
2017-07-09 11:00:00,28.6,1008.9,,81.0,,19.2,,58.1,69.0,0.8,30.0
2017-07-09 12:00:00,30.6,1009.3,,73.0,,19.5,,303.0,58.0,1.9.1,30.7
2017-07-09 13:00:00,31.6,1009.4,,67.0,,26.6,,211.0,56.0,1.1.1,30.4
2017-07-09 14:00:00,32.3,1009.3,,65.0,,24.4,,173.0,56.0,2.9,31.6
2017-07-09 15:00:00,32.8,1009.1,,62.0,,27.0,,184.0,63.0,2.4,31.1
2017-07-09 16:00:00,33.2,1008.8,,63.0,,22.8,,169.0,75.0,2.0,30.7
2017-07-09 17:00:00,33.6,1008.2,,60.0,,20.2,,130.0,89.0,1.4.1,30.6
2017-07-09 18:00:00,32.7,1007.5,,62.0,,19.3,,162.0,188.0,2.6,30.5
2017-07-09 19:00:00,32.0,1006.9,,65.0,,19.5,,139.0,1019.0,1.7,30.0
2017-07-09 20:00:00,31.5,1006.4,,68.0,,19.4,,166.0,50.0,2.4.1,29.1
2017-07-09 21:00:00,31.7,1006.1,,66.0,,19.0,,166.1,1941.0,2.1,28.8
2017-07-09 22:00:00,30.7,1007.2,,72.0,,18.7,,165.0,9999.0,1.5,28.6
2017-07-09 23:00:00,30.1,1007.9,,74.0,,20.4,,151.0,9999.0,1.8,28.8
2017-07-10 00:00:00,30.0,1008.5,,75.0,2.8,17.3,,,127.0,,28.5
2017-07-10 01:00:00,29.9,1008.7,,76.0,2.8,18.3,,,143.0,,28.5
2017-07-10 02:00:00,29.7,1009.1,,75.0,2.8,20.0,,,163.0,,28.5
2017-07-10 03:00:00,29.7,1009.2,,77.0,,20.8,,,180.0,,28.5
2017-07-10 04:00:00,29.6,1008.4,,77.0,,20.9,,,189.0,,28.2
2017-07-10 05:00:00,29.6,1007.4,,77.0,,19.9,,,193.0,,28.2
2017-07-10 06:00:00,29.6,1006.9,,79.0,,18.6,,,190.0,,28.1
2017-07-10 07:00:00,28.9,1006.5,,82.0,,18.6,,,179.0,,28.2
2017-07-10 08:00:00,29.0,1006.2,,80.0,,18.2,,,155.0,,28.4
2017-07-10 09:00:00,28.9,1006.3,,79.0,,20.5,,,134.0,,28.6
2017-07-10 10:00:00,29.1,1006.7,,79.0,,21.4,,,107.0,,29.1
2017-07-10 11:00:00,29.9,1007.2,,76.0,,22.7,,,88.0,,29.3
2017-07-10 12:00:00,31.2,1007.4,,71.0,,24.8,,,68.0,,29.5
2017-07-10 13:00:00,31.5,1007.7,,68.0,,23.0,,,58.0,,30.4
2017-07-10 14:00:00,31.0,1007.8,,69.0,,25.3,,,59.0,,30.6
2017-07-10 15:00:00,31.7,1007.7,,63.0,,27.7,,,66.0,,30.8
2017-07-10 16:00:00,32.2,1007.4,,63.0,,22.7,,,77.0,,31.0
2017-07-10 17:00:00,32.6,1006.8,,62.0,,20.7,,,84.0,,31.0
2017-07-10 18:00:00,33.4,1006.2,,57.0,,20.4,,,196.0,,30.0
2017-07-10 19:00:00,32.6,1005.3,,63.0,,20.2,,,1043.0,,29.6
2017-07-10 20:00:00,32.4,1005.0,,64.0,,19.9,,,52.0,,29.2
2017-07-10 21:00:00,31.1,1006.0,,69.0,,19.5,,,1913.0,,29.1
2017-07-10 22:00:00,30.6,1005.9,,71.0,,21.9,,,9999.0,,29.0
2017-07-10 23:00:00,30.3,1006.3,,74.0,,26.0,,,9999.0,,29.2
2017-07-11 00:00:00,30.1,1006.7,,74.0,7.5,20.9,,96.0,119.0,1.6,29.0
2017-07-11 01:00:00,30.1,1007.4,,74.0,3.9,21.0,,72.0,133.0,1.1,28.9
2017-07-11 02:00:00,30.0,1007.9,,74.0,0.8,21.1,,120.0,153.0,1.7,28.7
2017-07-11 03:00:00,29.8,1007.8,,75.0,0.1,21.1,,150.0,171.0,1.1.1,28.6
2017-07-11 04:00:00,29.6,1007.4,,75.0,6.7,20.6,,154.0,186.0,1.1.2,28.4
2017-07-11 05:00:00,29.6,1006.9,,75.0,0.1,23.6,,141.0,193.0,0.6,28.4
2017-07-11 06:00:00,29.4,1006.4,,76.0,19.1,25.8,,141.1,193.0,1.6.1,28.3
2017-07-11 07:00:00,29.3,1006.0,,78.0,19.1,24.3,,131.0,188.0,1.3,28.1
2017-07-11 08:00:00,28.7,1006.1,,78.0,,31.2,,54.0,171.0,0.8,28.3
2017-07-11 09:00:00,28.5,1006.4,,77.0,,23.7,,106.0,146.0,1.9,28.1
2017-07-11 10:00:00,28.1,1006.8,,77.0,,25.1,,90.0,120.0,1.2,28.3
2017-07-11 11:00:00,29.5,1007.4,,71.0,,30.4,,352.0,98.0,0.5,28.3
2017-07-11 12:00:00,27.7,1008.4,,82.0,,30.9,,188.0,75.0,0.9,28.4
2017-07-11 13:00:00,28.0,1009.0,,81.0,,32.4,,102.0,62.0,0.3,28.3
2017-07-11 14:00:00,28.2,1008.2,,82.0,,32.8,,350.0,53.0,0.6.1,28.5
2017-07-11 15:00:00,31.3,1008.0,,68.0,,33.3,,140.0,61.0,1.2.1,28.8
2017-07-11 16:00:00,30.4,1007.7,,77.0,,33.4,,119.0,67.0,2.0,29.0
2017-07-11 17:00:00,31.8,1007.6,,64.0,,32.7,,112.0,79.0,1.8,29.1
2017-07-11 18:00:00,32.6,1007.1,,60.0,,33.5,,125.0,195.0,2.6,28.6
2017-07-11 19:00:00,31.8,1006.4,,63.0,,27.3,,100.0,1104.0,2.5,28.4
2017-07-11 20:00:00,32.2,1006.0,,61.0,,26.1,,86.0,49.0,2.5.1,28.3
2017-07-11 21:00:00,30.7,1006.3,,66.0,,25.5,,73.0,2034.0,1.8.1,28.3
2017-07-11 22:00:00,30.1,1007.4,,69.0,,20.7,,78.0,9999.0,1.4,28.3
2017-07-11 23:00:00,29.3,1007.9,,72.0,,21.3,,69.0,9999.0,1.3.1,28.0
2017-07-12 00:00:00,28.5,1008.8,,72.0,0.1,20.3,,66.0,111.0,1.6,27.9
2017-07-12 01:00:00,27.7,1009.5,,76.0,0.9,19.1,,42.0,122.0,1.2,27.9
2017-07-12 02:00:00,27.3,1009.6,,80.0,1.3,21.2,,18.0,137.0,0.4,27.9
2017-07-12 03:00:00,27.4,1009.9,,80.0,0.3,22.6,,322.0,155.0,0.7,28.0
2017-07-12 04:00:00,27.2,1009.5,,79.0,2.6,21.5,,342.0,172.0,0.3,27.6
2017-07-12 05:00:00,27.3,1008.9,,78.0,2.6,25.3,,50.0,185.0,1.2.1,27.7
2017-07-12 06:00:00,27.2,1008.0,,79.0,,26.6,,327.0,188.0,0.5,27.8
2017-07-12 07:00:00,27.0,1008.4,,80.0,,20.8,,347.0,186.0,0.6,27.3
2017-07-12 08:00:00,26.8,1008.5,,83.0,,23.2,,60.0,175.0,1.4,27.4
2017-07-12 09:00:00,26.5,1008.3,,85.0,,29.3,,37.0,155.0,0.8,27.8
2017-07-12 10:00:00,26.4,1008.7,,86.0,,29.5,,45.0,130.0,1.2.2,27.8
2017-07-12 11:00:00,26.6,1008.9,,85.0,,33.3,,59.0,107.0,0.7.1,27.8
2017-07-12 12:00:00,27.9,1009.3,,79.0,,33.6,,49.0,88.0,1.1,28.0
2017-07-12 13:00:00,28.3,1009.4,,75.0,,33.8,,36.0,73.0,1.2.3,28.0
2017-07-12 14:00:00,30.4,1009.3,,70.0,,33.9,,45.1,63.0,0.9,28.0
2017-07-12 15:00:00,30.7,1009.3,,68.0,,33.9,,50.1,62.0,1.7,27.9
2017-07-12 16:00:00,32.0,1008.8,,62.0,,33.9,,84.0,70.0,1.6.1,28.1
2017-07-12 17:00:00,31.5,1008.1,,65.0,,33.7,,92.0,81.0,1.7.1,28.2
2017-07-12 18:00:00,30.4,1007.6,,66.0,,33.8,,59.1,190.0,2.3,28.2
2017-07-12 19:00:00,30.0,1007.4,,69.0,,32.6,,57.0,1205.0,1.7.2,28.1
2017-07-12 20:00:00,29.2,1007.1,,69.0,,22.4,,71.0,58.0,1.7.3,27.8
2017-07-12 21:00:00,29.7,1006.9,,66.0,,22.1,,42.1,2040.0,2.0,27.7
2017-07-12 22:00:00,28.9,1006.9,,72.0,,20.6,,53.0,9999.0,1.5,27.8
2017-07-12 23:00:00,28.7,1007.7,,74.0,,20.8,,58.0,9999.0,1.3,27.7
2017-07-13 00:00:00,26.7,1008.6,,84.0,4.2,21.0,,47.0,112.0,1.8,27.7
2017-07-13 01:00:00,27.0,1008.9,,86.0,0.2,21.3,,53.0,119.0,0.5,27.7
2017-07-13 02:00:00,26.8,1009.1,,83.0,0.1,22.1,,56.0,124.0,1.6,27.7
2017-07-13 03:00:00,26.9,1008.9,,84.0,0.1,23.2,,58.0,140.0,1.2,27.6
2017-07-13 04:00:00,26.7,1008.7,,84.0,0.8,21.9,,41.0,162.0,0.8,27.4
2017-07-13 05:00:00,26.7,1008.1,,85.0,0.1,24.4,,54.0,177.0,1.4,27.6
2017-07-13 06:00:00,26.7,1007.9,,85.0,0.3,25.9,,110.0,188.0,0.8.1,27.7
2017-07-13 07:00:00,26.2,1007.2,,85.0,1.5,22.5,,22.0,191.0,0.7,27.4
2017-07-13 08:00:00,26.2,1007.0,,86.0,0.4,25.3,,57.0,186.0,0.6,27.5
2017-07-13 09:00:00,26.2,1007.3,,88.0,0.5,26.2,,41.1,172.0,0.6.1,27.7
2017-07-13 10:00:00,26.6,1007.7,,90.0,1.5,30.2,,180.0,152.0,0.8.2,27.7
2017-07-13 11:00:00,26.9,1007.9,,86.0,0.4,32.6,,327.0,128.0,0.5.1,27.9
2017-07-13 12:00:00,27.4,1008.2,,82.0,8.2,33.0,,61.0,107.0,1.7,28.2
2017-07-13 13:00:00,26.9,1007.8,,83.0,1.9,33.8,,32.0,90.0,1.3,28.0
2017-07-13 14:00:00,28.4,1007.7,,80.0,10.1,33.9,,157.0,80.0,0.9,28.0
2017-07-13 15:00:00,30.4,1007.2,,66.0,,34.0,,138.0,73.0,0.6.2,28.1
2017-07-13 16:00:00,30.3,1006.7,,68.0,,33.8,,99.0,80.0,1.4.1,28.5
2017-07-13 17:00:00,31.3,1006.1,,65.0,,33.9,,120.0,90.0,2.1,28.4
2017-07-13 18:00:00,32.1,1005.5,,59.0,,33.9,,122.0,193.0,2.1.1,28.4
2017-07-13 19:00:00,30.9,1005.1,,62.0,,26.9,,97.0,1250.0,1.8.1,28.0
2017-07-13 20:00:00,30.5,1005.2,,66.0,,22.9,,42.0,65.0,0.8.3,28.0
2017-07-13 21:00:00,29.6,1004.8,,69.0,,21.4,,58.1,2109.0,1.3.1,27.9
2017-07-13 22:00:00,29.1,1005.4,,71.0,,20.7,,75.0,9999.0,1.0,27.7
2017-07-13 23:00:00,28.6,1005.5,,71.0,,20.6,,78.0,9999.0,0.8.4,27.7
2017-07-14 00:00:00,28.3,1005.9,,72.0,0.2,21.3,,42.0,123.0,1.3,27.7
2017-07-14 01:00:00,28.3,1006.2,,74.0,0.1,19.9,,53.0,133.0,1.3.1,27.4
2017-07-14 02:00:00,28.3,1006.9,,73.0,3.8,19.4,,58.0,148.0,1.4,27.5
2017-07-14 03:00:00,28.1,1006.9,,74.0,2.2,20.9,,71.0,165.0,0.9,27.2
2017-07-14 04:00:00,28.1,1006.3,,74.0,0.2,23.1,,50.0,178.0,0.4,27.3
2017-07-14 05:00:00,28.0,1005.7,,73.0,6.1,20.5,,49.0,185.0,0.8,27.3
2017-07-14 06:00:00,27.7,1005.4,,75.0,6.3,20.8,,60.0,184.0,1.2,27.3
2017-07-14 07:00:00,27.2,1004.9,,78.0,,24.1,,71.1,181.0,0.7,27.5
2017-07-14 08:00:00,26.6,1004.8,,82.0,,18.1,,219.0,163.0,0.1,27.3
2017-07-14 09:00:00,26.5,1004.9,,84.0,,27.1,,204.0,150.0,0.2,27.6
2017-07-14 10:00:00,26.7,1005.4,,84.0,,28.8,,306.0,125.0,1.4.1,27.9
2017-07-14 11:00:00,27.1,1005.5,,81.0,,22.1,,307.0,107.0,0.9.1,28.5
2017-07-14 12:00:00,28.2,1005.7,,74.0,,23.5,,306.1,96.0,0.6,28.6
2017-07-14 13:00:00,29.2,1005.6,,70.0,,22.4,,272.0,84.0,0.5,29.2
2017-07-14 14:00:00,30.1,1005.5,,67.0,,25.4,,205.0,84.0,1.5,29.1
2017-07-14 15:00:00,31.7,1005.0,,60.0,,24.2,,335.0,87.0,1.5.1,29.3
2017-07-14 16:00:00,30.3,1004.7,,69.0,,30.3,,179.0,126.0,2.1,29.3
2017-07-14 17:00:00,30.2,1004.3,,68.0,,31.3,,193.0,304.0,1.7,28.9
2017-07-14 18:00:00,29.7,1003.6,,71.0,,31.5,,214.0,115.0,3.7,28.8
2017-07-14 19:00:00,29.8,1003.6,,69.0,,31.8,,205.1,551.0,2.0,28.7
2017-07-14 20:00:00,27.2,1003.6,,81.0,,28.7,,322.0,190.0,1.0,28.3
2017-07-14 21:00:00,27.4,1004.1,,82.0,,23.7,,293.0,1341.0,1.0.1,28.2
2017-07-14 22:00:00,27.4,1004.1,,84.0,,22.1,,357.0,79.0,0.0,28.1
2017-07-14 23:00:00,26.9,1004.4,,85.0,,21.0,,319.0,2128.0,1.1,28.1
2017-07-15 00:00:00,26.8,1004.7,,86.0,0.2,21.7,,19.0,124.0,0.3,28.1
2017-07-15 01:00:00,26.8,1005.4,,87.0,0.2,20.3,,43.0,125.0,0.8,27.9
2017-07-15 02:00:00,26.8,1005.8,,87.0,0.2,25.3,,47.0,138.0,0.8.1,28.0
2017-07-15 03:00:00,26.7,1005.1,,86.0,0.6,21.0,,24.0,151.0,0.5,27.7
2017-07-15 04:00:00,26.7,1004.4,,86.0,0.6,20.1,,15.0,164.0,0.4,27.7
2017-07-15 05:00:00,26.3,1004.0,,85.0,,23.8,,351.0,176.0,0.3.1,27.4
2017-07-15 06:00:00,26.2,1003.8,,86.0,,21.2,,330.0,176.0,0.8.2,27.4
2017-07-15 07:00:00,26.1,1003.3,,87.0,,23.1,,326.0,174.0,0.6,27.7
2017-07-15 08:00:00,26.1,1002.9,,86.0,,20.0,,47.1,172.0,0.9,27.5
2017-07-15 09:00:00,26.0,1002.9,,85.0,,22.2,,327.0,157.0,0.2,28.0
2017-07-15 10:00:00,26.0,1003.6,,85.0,,22.8,,36.0,142.0,0.5.1,28.5
2017-07-15 11:00:00,27.0,1003.7,,82.0,,22.6,,305.0,126.0,0.7,29.2
2017-07-15 12:00:00,29.4,1003.7,,67.0,,20.3,,281.0,114.0,0.2.1,29.9
2017-07-15 13:00:00,30.9,1003.9,,62.0,,23.9,,269.0,101.0,1.0,29.8
2017-07-15 14:00:00,30.8,1003.3,,67.0,,30.2,,211.0,93.0,3.1,29.7
2017-07-15 15:00:00,30.9,1002.8,,68.0,,29.1,,250.0,105.0,2.7,30.1
2017-07-15 16:00:00,30.9,1002.1,,72.0,,29.4,,263.0,135.0,4.5,30.0
2017-07-15 17:00:00,29.9,1001.3,,74.0,,30.9,,252.0,311.0,3.1.1,29.6
2017-07-15 18:00:00,29.2,1000.4,,78.0,,32.2,,269.1,121.0,5.1,29.5
2017-07-15 19:00:00,27.6,1000.0,,85.0,,19.2,,276.0,713.0,3.6,29.1
2017-07-15 20:00:00,28.1,1000.0,,83.0,,20.6,,302.0,182.0,1.5,29.3
2017-07-15 21:00:00,28.2,999.2,,81.0,,22.3,,193.0,1437.0,0.5.2,29.2
2017-07-15 22:00:00,28.3,999.4,,79.0,,21.1,,34.0,92.0,0.5.3,28.7
2017-07-15 23:00:00,28.0,999.8,,80.0,,20.0,,328.0,2214.0,1.2,28.4
2017-07-16 00:00:00,27.8,1000.5,,77.0,0.3,26.5,,330.0,149.0,0.6,28.9
2017-07-16 01:00:00,27.0,1001.2,,81.0,0.3,25.0,,326.0,143.0,0.6.1,28.6
2017-07-16 02:00:00,26.8,1001.1,,83.0,0.2,28.1,,333.0,143.0,1.1,28.4
2017-07-16 03:00:00,26.8,1000.2,,82.0,0.9,29.4,,346.0,151.0,0.7,28.6
2017-07-16 04:00:00,26.9,999.3,,81.0,4.8,31.8,,327.0,165.0,0.9,28.6
2017-07-16 05:00:00,27.2,997.9,,79.0,5.5,32.0,,344.0,182.0,1.0,28.2
2017-07-16 06:00:00,27.2,996.2,,77.0,2.7,32.5,,0.0,182.0,0.9.1,28.2
2017-07-16 07:00:00,26.6,995.9,,82.0,3.0,32.7,,326.1,178.0,1.5,27.9
2017-07-16 08:00:00,26.1,995.3,,88.0,8.9,33.0,,320.0,172.0,1.4,27.8
2017-07-16 09:00:00,26.4,994.1,,84.0,6.5,33.2,,38.0,165.0,2.5,27.8
2017-07-16 10:00:00,26.8,993.1,,82.0,7.9,33.3,,45.0,150.0,3.4,27.8
2017-07-16 11:00:00,26.7,992.1,,84.0,9.4,31.8,,47.0,143.0,4.6,27.6
2017-07-16 12:00:00,26.4,992.3,,85.0,2.3,31.0,,61.0,114.0,4.5,27.3
2017-07-16 13:00:00,26.2,993.4,,86.0,3.9,32.7,,67.0,109.0,4.2,26.7
2017-07-16 14:00:00,26.3,994.9,,91.0,11.4,31.1,,106.0,97.0,4.4,26.4
2017-07-16 15:00:00,25.3,996.8,,89.0,10.6,29.7,,134.0,98.0,6.3,26.1
2017-07-16 16:00:00,26.0,997.2,,86.0,1.6,28.2,,140.0,160.0,4.8,26.0
2017-07-16 17:00:00,25.6,998.1,,87.0,17.7,27.7,,134.1,407.0,4.6.1,26.1
2017-07-16 18:00:00,25.5,998.6,,91.0,62.5,26.7,,138.0,139.0,5.2,26.2
2017-07-16 19:00:00,25.6,999.0,,91.0,80.2,25.1,,142.0,1010.0,2.7,26.3
2017-07-16 20:00:00,26.2,998.9,,89.0,,23.2,,100.0,203.0,3.1,26.4
2017-07-16 21:00:00,27.2,999.8,,82.0,,22.1,,104.0,1414.0,2.8,26.2
2017-07-16 22:00:00,27.7,1000.6,,75.0,,18.2,,65.0,93.0,1.8,26.2
2017-07-16 23:00:00,27.1,1001.8,,81.0,,17.0,,53.0,2259.0,2.5.1,26.2
2017-07-17 00:00:00,27.3,1002.3,,82.0,7.4,17.3,,53.0,139.0,1.9,26.1
2017-07-17 01:00:00,27.9,1002.6,,82.0,5.7,16.6,,70.0,135.0,1.4,26.0
2017-07-17 02:00:00,28.2,1003.2,,80.0,0.1,17.4,,63.0,127.0,1.7,25.9
2017-07-17 03:00:00,28.4,1003.5,,78.0,2.7,17.6,,79.0,122.0,1.9.1,25.8
2017-07-17 04:00:00,28.3,1002.8,,78.0,7.4,17.6,,59.0,126.0,1.8,25.8
2017-07-17 05:00:00,28.1,1002.2,,79.0,8.5,18.4,,63.1,138.0,1.2,25.8
2017-07-17 06:00:00,28.2,1002.0,,78.0,15.9,17.7,,73.0,148.0,1.5,25.8
2017-07-17 07:00:00,28.2,1002.1,,79.0,,17.5,,65.0,145.0,1.3,25.8
2017-07-17 08:00:00,28.0,1002.1,,81.0,,18.4,,58.0,155.0,1.3.1,25.8
2017-07-17 09:00:00,28.0,1002.3,,81.0,,18.0,,78.0,150.0,0.7,26.0
2017-07-17 10:00:00,27.2,1003.0,,85.0,,17.8,,66.0,146.0,1.2.1,26.2
2017-07-17 11:00:00,27.8,1004.0,,86.0,,17.0,,65.1,135.0,1.3.2,26.6
2017-07-17 12:00:00,28.7,1004.4,,80.0,,18.9,,66.1,129.0,1.2.2,26.8
2017-07-17 13:00:00,30.2,1005.0,,73.0,,18.7,,90.0,117.0,2.3,27.0
2017-07-17 14:00:00,30.4,1005.4,,71.0,,18.6,,98.0,113.0,2.8,27.1
2017-07-17 15:00:00,31.7,1005.6,,67.0,,19.0,,94.0,106.0,2.7,27.2
2017-07-17 16:00:00,31.2,1004.9,,68.0,,18.9,,105.0,167.0,2.8.1,27.3
2017-07-17 17:00:00,30.5,1004.4,,71.0,,21.3,,110.0,546.0,1.8.1,26.9
2017-07-17 18:00:00,29.5,1004.1,,78.0,,20.0,,82.0,111.0,1.8.2,27.0
2017-07-17 19:00:00,30.3,1003.9,,73.0,,19.0,,109.0,1034.0,2.1,27.0
2017-07-17 20:00:00,30.2,1004.0,,71.0,,18.8,,110.1,161.0,2.2,26.7
2017-07-17 21:00:00,29.6,1004.0,,74.0,,17.9,,93.0,1616.0,2.5,26.7
2017-07-17 22:00:00,28.4,1004.8,,82.0,,17.4,,89.0,106.0,1.1,26.7
2017-07-17 23:00:00,28.2,1005.6,,82.0,,16.7,,74.0,2258.0,0.9,26.7
2017-07-18 00:00:00,28.3,1006.6,,83.0,2.3,17.1,,102.0,154.0,1.2,26.8
2017-07-18 01:00:00,28.3,1007.3,,82.0,0.2,16.6,,106.0,140.0,0.9,26.8
2017-07-18 02:00:00,28.3,1007.6,,83.0,2.3,16.7,,107.0,130.0,1.7,26.8
2017-07-18 03:00:00,28.3,1007.8,,83.0,0.2,15.6,,136.0,120.0,0.7,26.9
2017-07-18 04:00:00,28.3,1007.6,,83.0,2.5,16.3,,105.0,116.0,1.0,26.9
2017-07-18 05:00:00,28.2,1007.0,,83.0,,15.4,,125.0,114.0,1.3,26.9
2017-07-18 06:00:00,28.1,1006.8,,83.0,,15.7,,123.0,117.0,0.8,26.9
2017-07-18 07:00:00,28.0,1006.7,,83.0,,18.6,,87.0,117.0,0.5,26.8
2017-07-18 08:00:00,27.9,1006.9,,84.0,,26.8,,327.0,125.0,0.3,26.6
2017-07-18 09:00:00,27.4,1007.0,,83.0,,14.4,,42.0,133.0,0.7.1,27.3
2017-07-18 10:00:00,26.5,1008.1,,82.0,,13.7,,286.0,133.0,6.1,27.8
2017-07-18 11:00:00,25.6,1008.2,,87.0,,14.6,,272.0,131.0,1.9,28.4
2017-07-18 12:00:00,27.7,1008.5,,76.0,,15.3,,52.0,124.0,0.9.1,28.7
2017-07-18 13:00:00,29.2,1008.6,,68.0,,16.8,,216.0,118.0,0.4,28.5
2017-07-18 14:00:00,30.5,1008.6,,64.0,,16.3,,199.0,112.0,0.3.1,28.6
2017-07-18 15:00:00,31.6,1008.4,,60.0,,15.9,,289.0,112.0,0.7.2,28.7
2017-07-18 16:00:00,31.4,1008.2,,60.0,,17.1,,177.0,172.0,1.5,28.7
2017-07-18 17:00:00,30.8,1007.6,,62.0,,17.6,,133.0,613.0,1.6,28.4
2017-07-18 18:00:00,30.5,1007.0,,64.0,,18.2,,122.0,107.0,1.4,28.1
2017-07-18 19:00:00,30.2,1007.1,,67.0,,17.5,,157.0,1228.0,1.6.1,27.6
2017-07-18 20:00:00,29.8,1006.9,,68.0,,17.2,,83.0,135.0,1.5.1,27.4
2017-07-18 21:00:00,29.3,1007.4,,71.0,,16.7,,78.0,1743.0,0.9.2,27.3
2017-07-18 22:00:00,28.8,1008.1,,75.0,,17.3,,107.1,106.0,1.2.1,27.2
2017-07-18 23:00:00,28.2,1008.3,,79.0,,16.8,,112.0,2254.0,1.3.1,27.1
2017-07-19 00:00:00,27.8,1009.0,,79.0,,16.9,,65.0,174.0,1.0,27.1
2017-07-19 01:00:00,27.7,1009.5,,79.0,,16.4,,77.0,163.0,0.8,27.0
2017-07-19 02:00:00,27.7,1009.8,,78.0,,16.3,,44.0,146.0,0.2,27.0
2017-07-19 03:00:00,27.7,1009.5,,78.0,,15.9,,52.0,125.0,1.6,26.8
2017-07-19 04:00:00,27.5,1008.9,,78.0,,16.1,,40.0,110.0,1.0.1,26.8
2017-07-19 05:00:00,27.3,1008.4,,79.0,,15.8,,306.0,103.0,0.2.1,26.8
2017-07-19 06:00:00,27.2,1007.4,,81.0,,16.5,,52.1,93.0,1.1,26.8
2017-07-19 07:00:00,27.2,1007.0,,81.0,,17.7,,4.0,96.0,0.0,26.8
2017-07-19 08:00:00,27.3,1007.2,,80.0,,18.7,,43.0,101.0,0.9,26.9
2017-07-19 09:00:00,27.2,1007.4,,81.0,,21.3,,51.0,105.0,0.3,27.0
2017-07-19 10:00:00,27.4,1007.4,,82.0,,20.3,,101.0,111.0,0.0.1,27.3
2017-07-19 11:00:00,27.9,1007.8,,81.0,,17.3,,63.0,119.0,0.8.1,28.2
2017-07-19 12:00:00,28.7,1008.1,,78.0,,18.3,,343.0,116.0,0.6,28.8
2017-07-19 13:00:00,30.2,1008.4,,71.0,,18.3,,53.0,118.0,1.2,29.6
2017-07-19 14:00:00,31.2,1008.4,,68.0,,19.4,,152.0,116.0,1.9,29.8
2017-07-19 15:00:00,32.5,1007.7,,62.0,,19.0,,168.0,114.0,2.6,29.6
2017-07-19 16:00:00,32.1,1007.0,,64.0,,17.7,,173.0,182.0,3.6,28.7
2017-07-19 17:00:00,31.2,1006.4,,67.0,,18.3,,159.0,625.0,2.3,28.5
2017-07-19 18:00:00,30.1,1006.0,,72.0,,20.3,,157.0,90.0,1.8,28.4
2017-07-19 19:00:00,30.2,1005.4,,73.0,,19.7,,171.0,1407.0,2.2,28.2
2017-07-19 20:00:00,30.1,1005.2,,72.0,,19.8,,168.1,123.0,2.4,28.0
2017-07-19 21:00:00,29.5,1005.1,,70.0,,22.5,,59.0,1934.0,2.2.1,27.7
2017-07-19 22:00:00,29.1,1005.6,,73.0,,23.0,,47.0,111.0,0.7,27.6
2017-07-19 23:00:00,28.6,1006.3,,74.0,,21.9,,32.0,2222.0,0.9.1,27.3
2017-07-20 00:00:00,28.1,1006.6,,75.0,1.0,20.9,,50.0,186.0,1.1,27.1
2017-07-20 01:00:00,28.0,1006.7,,75.0,1.0,17.7,,43.0,194.0,1.0,27.0
2017-07-20 02:00:00,27.9,1007.0,,76.0,1.0,18.1,,60.0,196.0,1.1.1,27.0
2017-07-20 03:00:00,27.7,1007.1,,77.0,,18.0,,45.0,191.0,1.1.2,27.2
2017-07-20 04:00:00,27.6,1006.7,,78.0,,17.6,,355.0,172.0,0.3,27.0
2017-07-20 05:00:00,27.5,1005.9,,80.0,,18.3,,64.0,152.0,1.0.1,26.9
2017-07-20 06:00:00,27.6,1005.4,,80.0,,28.4,,62.0,127.0,0.9,27.2
2017-07-20 07:00:00,27.3,1005.3,,81.0,,31.1,,75.0,106.0,0.3.1,27.3
2017-07-20 08:00:00,27.1,1005.7,,83.0,,31.1,,65.0,94.0,0.5,27.4
2017-07-20 09:00:00,27.2,1005.8,,83.0,,31.1,,21.0,85.0,0.2,27.7
2017-07-20 10:00:00,27.3,1006.1,,84.0,,30.4,,63.0,80.0,0.4,28.1
2017-07-20 11:00:00,27.7,1006.6,,85.0,,22.4,,59.0,89.0,0.8,28.7
2017-07-20 12:00:00,30.0,1007.2,,74.0,,23.9,,83.0,98.0,1.5,29.1
2017-07-20 13:00:00,31.0,1007.3,,66.0,,23.1,,95.0,103.0,2.6,29.6
2017-07-20 14:00:00,31.7,1007.7,,65.0,,21.7,,151.0,111.0,2.2,30.0
2017-07-20 15:00:00,32.7,1007.5,,63.0,,22.3,,128.0,118.0,2.1,29.7
2017-07-20 16:00:00,32.1,1006.9,,64.0,,21.6,,160.0,117.0,2.4,30.2
2017-07-20 17:00:00,32.1,1006.4,,60.0,,21.9,,147.0,116.0,2.2.1,30.3
2017-07-20 18:00:00,32.6,1005.6,,58.0,,22.3,,94.0,199.0,2.6.1,30.2
2017-07-20 19:00:00,32.5,1004.9,,57.0,,22.1,,100.0,807.0,2.5,29.7
2017-07-20 20:00:00,32.5,1004.6,,56.0,,23.2,,59.1,76.0,2.1.1,29.5
2017-07-20 21:00:00,31.0,1005.0,,64.0,,24.7,,101.0,1605.0,2.5.1,29.1
2017-07-20 22:00:00,29.9,1005.6,,68.0,,26.6,,72.0,9999.0,1.7,28.8
2017-07-20 23:00:00,29.3,1006.4,,72.0,,26.6,,58.0,9999.0,1.2,28.5
2017-07-21 00:00:00,29.0,1007.3,,74.0,0.1,26.0,,60.0,185.0,1.3,28.3
2017-07-21 01:00:00,28.8,1007.9,,73.0,0.1,25.4,,58.0,198.0,1.5,28.1
2017-07-21 02:00:00,28.6,1008.6,,74.0,0.1,23.2,,54.0,204.0,1.5.1,27.6
2017-07-21 03:00:00,28.6,1008.2,,75.0,0.1,23.5,,61.0,202.0,1.1,27.4
2017-07-21 04:00:00,28.3,1007.8,,76.0,0.2,20.9,,58.1,191.0,1.2,27.5
2017-07-21 05:00:00,28.2,1006.8,,78.0,,31.1,,58.2,175.0,1.3.1,27.6
2017-07-21 06:00:00,28.1,1006.7,,78.0,,30.9,,65.0,150.0,0.5,27.6
2017-07-21 07:00:00,27.3,1006.7,,80.0,,32.2,,14.0,120.0,0.4,27.9
2017-07-21 08:00:00,26.9,1006.8,,80.0,,32.4,,16.0,100.0,0.6,27.8
2017-07-21 09:00:00,27.0,1007.0,,82.0,,32.7,,31.0,79.0,1.0,27.8
2017-07-21 10:00:00,27.1,1007.5,,82.0,,32.7,,19.0,64.0,0.4.1,27.9
2017-07-21 11:00:00,28.1,1008.2,,78.0,,32.8,,356.0,63.0,0.5.1,28.0
2017-07-21 12:00:00,31.0,1008.6,,65.0,,32.8,,41.0,71.0,1.8,28.2
2017-07-21 13:00:00,31.7,1008.7,,60.0,,32.8,,45.0,81.0,2.8,28.6
2017-07-21 14:00:00,32.0,1008.7,,60.0,,32.5,,61.1,93.0,1.4,29.2
2017-07-21 15:00:00,33.1,1008.3,,55.0,,24.1,,74.0,107.0,1.1.1,29.9
2017-07-21 16:00:00,33.6,1008.0,,51.0,,23.1,,112.0,114.0,2.2,30.2
2017-07-21 17:00:00,33.5,1007.6,,52.0,,23.1,,100.0,114.0,2.6,30.0
2017-07-21 18:00:00,33.0,1006.7,,55.0,,23.8,,101.0,205.0,2.7,29.8
2017-07-21 19:00:00,32.2,1006.2,,58.0,,23.2,,92.0,832.0,2.0,29.1
2017-07-21 20:00:00,32.5,1005.8,,58.0,,24.3,,64.0,62.0,1.6,29.1
2017-07-21 21:00:00,31.6,1005.7,,58.0,,22.8,,57.0,1702.0,2.1,28.7
2017-07-21 22:00:00,30.4,1006.3,,64.0,,21.6,,47.0,9999.0,0.9,28.4
2017-07-21 23:00:00,29.5,1007.1,,67.0,,21.6,,59.0,9999.0,1.5.2,28.3
2017-07-22 00:00:00,29.2,1008.3,,70.0,1.3,19.7,,93.0,177.0,0.6,28.1
2017-07-22 01:00:00,29.1,1009.1,,70.0,1.4,25.3,,56.0,198.0,0.5,28.3
2017-07-22 02:00:00,28.8,1009.6,,74.0,0.3,21.6,,252.0,209.0,0.3,28.1
2017-07-22 03:00:00,28.4,1008.9,,74.0,6.0,21.3,,342.0,214.0,0.4,27.9
2017-07-22 04:00:00,28.1,1008.3,,75.0,2.6,26.8,,55.0,212.0,0.7,27.6
2017-07-22 05:00:00,27.9,1007.8,,76.0,11.6,21.9,,28.0,196.0,0.5.1,27.5
2017-07-22 06:00:00,27.5,1007.2,,78.0,11.6,26.3,,311.0,177.0,0.7.1,27.8
2017-07-22 07:00:00,27.3,1006.8,,79.0,,31.9,,356.0,150.0,0.3.1,28.0
2017-07-22 08:00:00,27.2,1007.0,,80.0,,32.0,,333.0,118.0,0.4.1,28.0
2017-07-22 09:00:00,27.0,1006.9,,79.0,,32.6,,324.0,92.0,0.3.2,28.1
2017-07-22 10:00:00,27.2,1007.5,,79.0,,32.7,,32.0,71.0,0.4.2,28.3
2017-07-22 11:00:00,27.8,1008.1,,76.0,,32.7,,320.0,57.0,0.4.3,28.5
2017-07-22 12:00:00,28.9,1008.6,,71.0,,32.7,,294.0,51.0,0.5.2,28.8
2017-07-22 13:00:00,29.5,1008.6,,71.0,,32.7,,186.0,58.0,1.1,29.2
2017-07-22 14:00:00,30.7,1008.4,,67.0,,32.5,,254.0,71.0,2.6,29.8
2017-07-22 15:00:00,30.7,1007.9,,71.0,,32.3,,208.0,86.0,2.8,30.5
2017-07-22 16:00:00,30.4,1006.9,,73.0,,29.9,,248.0,102.0,4.4,30.1
2017-07-22 17:00:00,30.8,1006.4,,71.0,,30.8,,244.0,109.0,4.3,30.1
2017-07-22 18:00:00,30.6,1005.6,,70.0,,21.1,,250.0,218.0,5.1,28.9
2017-07-22 19:00:00,28.4,1005.5,,84.0,,20.5,,303.0,941.0,3.9,28.5
2017-07-22 20:00:00,27.7,1005.2,,84.0,,25.1,,5.0,51.0,0.6.1,29.0
2017-07-22 21:00:00,27.6,1006.2,,83.0,,26.7,,312.0,1800.0,1.6,29.2
2017-07-22 22:00:00,26.0,1007.0,,83.0,,25.1,,38.0,9999.0,0.9,28.6
2017-07-22 23:00:00,25.6,1006.8,,85.0,,23.3,,37.0,9999.0,0.4.4,28.2
2017-07-23 00:00:00,25.9,1007.0,,86.0,3.0,20.9,,8.0,164.0,0.1,28.0
2017-07-23 01:00:00,26.1,1007.5,,89.0,0.6,23.1,,156.0,188.0,0.5,28.4
2017-07-23 02:00:00,26.2,1007.8,,91.0,0.1,25.3,,240.0,210.0,1.0,28.4
2017-07-23 03:00:00,26.0,1007.6,,92.0,2.0,25.6,,325.0,219.0,0.7,28.3
2017-07-23 04:00:00,26.2,1007.0,,94.0,3.7,26.8,,313.0,221.0,0.5.1,28.2
2017-07-23 05:00:00,26.1,1005.8,,93.0,2.0,24.9,,51.0,218.0,0.3,27.9
2017-07-23 06:00:00,26.1,1005.2,,90.0,5.7,27.6,,43.0,197.0,0.6,27.9
2017-07-23 07:00:00,26.2,1004.6,,90.0,,30.7,,297.0,178.0,1.8,28.3
2017-07-23 08:00:00,26.0,1004.7,,89.0,,31.9,,39.0,147.0,0.6.1,28.3
2017-07-23 09:00:00,26.2,1004.8,,91.0,,32.7,,51.1,116.0,0.3.1,28.5
2017-07-23 10:00:00,26.3,1005.0,,90.0,,32.8,,299.0,87.0,0.6.2,28.5
2017-07-23 11:00:00,26.4,1005.7,,89.0,,32.8,,273.0,70.0,0.4,28.4
2017-07-23 12:00:00,26.5,1006.0,,85.0,,32.8,,350.0,56.0,0.1.1,28.3
2017-07-23 13:00:00,27.0,1006.0,,82.0,,32.5,,253.0,56.0,1.1,28.3
2017-07-23 14:00:00,27.9,1005.9,,78.0,,32.6,,282.0,64.0,0.5.2,28.5
2017-07-23 15:00:00,28.4,1005.4,,75.0,,32.1,,277.0,78.0,0.8,28.7
2017-07-23 16:00:00,28.5,1005.1,,75.0,,31.5,,251.0,93.0,1.2,28.8
2017-07-23 17:00:00,29.1,1004.6,,74.0,,30.6,,216.0,113.0,2.0,28.9
2017-07-23 18:00:00,28.9,1003.9,,78.0,,31.2,,253.1,226.0,3.5,28.7
2017-07-23 19:00:00,28.7,1003.2,,80.0,,20.8,,260.0,1026.0,3.3,28.0
2017-07-23 20:00:00,28.9,1002.4,,81.0,,19.1,,263.0,49.0,4.3,27.9
2017-07-23 21:00:00,28.3,1002.8,,85.0,,18.9,,272.0,1817.0,3.2,27.7
2017-07-23 22:00:00,26.8,1003.4,,84.0,,20.0,,302.0,9999.0,1.8.1,27.8
2017-07-23 23:00:00,26.8,1003.5,,85.0,,18.6,,50.0,9999.0,1.0.1,27.6
2017-07-24 00:00:00,26.8,1003.7,,85.0,1.2,18.4,,26.0,147.0,0.6,27.5
2017-07-24 01:00:00,26.8,1004.2,,86.0,8.9,17.6,,60.0,170.0,0.0,27.3
2017-07-24 02:00:00,26.8,1004.4,,86.0,0.3,20.1,,323.0,195.0,0.1,27.5
2017-07-24 03:00:00,26.8,1004.7,,86.0,9.0,20.5,,68.0,205.0,0.0.1,27.6
2017-07-24 04:00:00,26.4,1003.9,,85.0,4.1,22.1,,51.0,226.0,0.7,27.6
2017-07-24 05:00:00,26.6,1003.3,,85.0,0.1,21.9,,332.0,227.0,0.4,27.6
2017-07-24 06:00:00,26.4,1003.1,,85.0,23.6,18.6,,355.0,223.0,0.5,27.3
2017-07-24 07:00:00,26.2,1002.4,,85.0,23.6,22.2,,22.0,202.0,0.2,27.5
2017-07-24 08:00:00,26.2,1002.2,,85.0,,30.6,,340.0,179.0,0.5.1,27.9
2017-07-24 09:00:00,26.1,1001.9,,85.0,,30.7,,49.0,149.0,0.7.1,28.0
2017-07-24 10:00:00,26.1,1002.4,,85.0,,32.6,,326.0,116.0,0.6.1,28.2
2017-07-24 11:00:00,27.0,1003.2,,80.0,,32.6,,283.0,93.0,1.0,28.3
2017-07-24 12:00:00,29.1,1003.4,,72.0,,32.5,,118.0,73.0,0.2.1,28.5
2017-07-24 13:00:00,29.7,1003.3,,68.0,,32.4,,278.0,64.0,1.3,28.8
2017-07-24 14:00:00,30.4,1002.8,,66.0,,32.7,,274.0,67.0,1.2,29.2
2017-07-24 15:00:00,30.7,1002.4,,72.0,,32.6,,266.0,81.0,3.3,29.4
2017-07-24 16:00:00,29.9,1001.5,,77.0,,32.4,,251.0,99.0,4.2,29.3
2017-07-24 17:00:00,30.2,1000.3,,74.0,,32.6,,247.0,110.0,4.6,29.2
2017-07-24 18:00:00,29.8,1000.3,,79.0,,21.3,,269.0,231.0,3.0,28.3
2017-07-24 19:00:00,27.2,1000.5,,84.0,,18.6,,85.0,1051.0,0.7.2,28.1
2017-07-24 20:00:00,27.4,1000.1,,86.0,,18.2,,323.1,57.0,0.8,28.1
2017-07-24 21:00:00,27.0,1000.7,,86.0,,20.0,,244.0,1842.0,1.3.1,28.2
2017-07-24 22:00:00,26.8,1000.6,,91.0,,26.7,,331.0,9999.0,0.7.3,28.4
2017-07-24 23:00:00,26.7,1000.7,,87.0,,28.3,,26.1,9999.0,0.9,28.5
2017-07-25 00:00:00,27.1,1000.7,,82.0,0.1,32.3,,40.0,180.0,1.3,28.6
2017-07-25 01:00:00,27.6,1001.1,,77.0,0.4,32.4,,59.0,196.0,2.5,28.5
2017-07-25 02:00:00,28.1,1001.2,,74.0,0.5,32.8,,40.1,219.0,2.5.1,27.9
2017-07-25 03:00:00,28.2,1001.2,,74.0,0.6,32.9,,48.0,231.0,1.9,27.7
2017-07-25 04:00:00,27.9,1000.4,,76.0,0.1,33.0,,40.2,236.0,2.5.2,27.7
2017-07-25 05:00:00,27.5,999.5,,79.0,3.3,33.1,,62.0,216.0,2.0,27.5
2017-07-25 06:00:00,27.6,999.2,,80.0,0.2,31.5,,50.0,194.0,2.1,27.4
2017-07-25 07:00:00,27.5,999.0,,80.0,19.4,32.0,,64.0,175.0,2.5.3,27.5
2017-07-25 08:00:00,27.6,999.3,,80.0,2.1,30.8,,60.0,141.0,3.0,27.4
2017-07-25 09:00:00,27.1,999.8,,84.0,0.1,31.4,,66.0,117.0,2.6,27.4
2017-07-25 10:00:00,26.9,1000.4,,81.0,1.3,32.6,,58.0,96.0,2.5.4,27.4
2017-07-25 11:00:00,26.1,1001.4,,85.0,9.0,32.8,,77.0,70.0,3.3,27.5
2017-07-25 12:00:00,26.3,1001.6,,88.0,5.1,33.1,,80.0,68.0,2.0.1,27.6
2017-07-25 13:00:00,27.8,1002.3,,78.0,24.6,32.6,,85.0,73.0,1.9.1,27.6
2017-07-25 14:00:00,27.6,1002.2,,77.0,17.6,32.5,,91.0,83.0,2.5.5,27.6
2017-07-25 15:00:00,28.9,1002.7,,74.0,42.2,32.2,,111.0,97.0,1.7,27.6
2017-07-25 16:00:00,28.3,1002.4,,74.0,,31.8,,60.1,139.0,1.4,27.6
2017-07-25 17:00:00,28.0,1002.3,,78.0,,32.0,,56.0,100.0,1.6,27.6
2017-07-25 18:00:00,26.3,1002.2,,84.0,,31.7,,120.0,126.0,1.6.1,27.6
2017-07-25 19:00:00,26.3,1001.1,,86.0,,31.3,,83.0,305.0,1.3.1,27.6
2017-07-25 20:00:00,28.1,1001.2,,79.0,,23.1,,50.1,239.0,1.1,27.3
2017-07-25 21:00:00,28.8,1001.5,,79.0,,22.1,,60.2,1203.0,1.3.2,27.3
2017-07-25 22:00:00,28.5,1001.8,,78.0,,22.0,,72.0,65.0,0.6,27.2
2017-07-25 23:00:00,28.1,1002.2,,80.0,,23.8,,75.0,2010.0,0.8,27.2
2017-07-26 00:00:00,28.1,1002.7,,79.0,6.4,20.4,,52.0,147.0,1.9,27.0
2017-07-26 01:00:00,28.1,1003.3,,79.0,13.2,19.9,,54.0,164.0,1.2,27.0
2017-07-26 02:00:00,27.8,1004.1,,80.0,0.3,20.2,,66.0,189.0,1.4,27.0
2017-07-26 03:00:00,27.5,1004.0,,82.0,7.5,19.4,,61.0,207.0,0.9,26.9
2017-07-26 04:00:00,27.3,1003.4,,83.0,1.3,22.9,,43.0,211.0,0.6,27.0
2017-07-26 05:00:00,27.3,1002.9,,83.0,0.4,19.2,,67.0,217.0,1.1,26.9
2017-07-26 06:00:00,26.7,1002.2,,85.0,0.3,18.5,,37.0,204.0,1.8,26.8
2017-07-26 07:00:00,26.3,1002.1,,91.0,0.2,17.6,,30.0,184.0,0.6.1,26.8
2017-07-26 08:00:00,26.1,1002.1,,91.0,29.1,17.2,,59.0,157.0,0.8,26.9
2017-07-26 09:00:00,25.9,1002.5,,92.0,0.5,18.9,,103.0,129.0,1.2.1,26.9
2017-07-26 10:00:00,26.1,1002.7,,95.0,29.6,23.1,,95.0,111.0,0.8.1,27.1
2017-07-26 11:00:00,26.3,1003.1,,95.0,,28.2,,58.0,86.0,1.2.2,27.5
2017-07-26 12:00:00,26.5,1003.2,,95.0,,31.7,,131.0,82.0,0.8.2,27.8
2017-07-26 13:00:00,27.3,1003.3,,94.0,,32.2,,68.0,80.0,0.1,28.0
2017-07-26 14:00:00,30.4,1003.1,,71.0,,32.5,,63.0,89.0,1.8.1,28.1
2017-07-26 15:00:00,32.2,1003.0,,62.0,,32.5,,66.1,102.0,2.4,28.3
2017-07-26 16:00:00,32.9,1002.7,,58.0,,32.8,,65.0,132.0,1.8.2,28.1
2017-07-26 17:00:00,32.9,1002.5,,57.0,,27.4,,108.0,205.0,2.3,28.7
2017-07-26 18:00:00,33.3,1001.9,,54.0,,22.7,,90.0,115.0,1.9.1,28.5
2017-07-26 19:00:00,33.0,1001.6,,56.0,,21.6,,60.0,449.0,1.4.1,28.1
2017-07-26 20:00:00,31.1,1001.3,,65.0,,20.8,,98.0,218.0,2.8,27.8
2017-07-26 21:00:00,31.7,1001.5,,63.0,,20.1,,67.1,1231.0,1.5,27.7
2017-07-26 22:00:00,29.1,1001.8,,69.0,,19.2,,13.0,75.0,0.4,27.7
2017-07-26 23:00:00,28.7,1002.2,,73.0,,19.7,,72.0,2033.0,0.5,27.7
2017-07-27 00:00:00,28.6,1002.6,,76.0,,20.1,,28.0,133.0,0.6,27.6
2017-07-27 01:00:00,28.3,1003.6,,76.0,,19.8,,61.0,147.0,0.5,27.6
2017-07-27 02:00:00,28.2,1004.3,,79.0,,16.9,,317.0,168.0,1.1,27.4
2017-07-27 03:00:00,28.1,1004.3,,81.0,,16.3,,197.0,182.0,1.0,27.4
2017-07-27 04:00:00,27.6,1003.6,,83.0,,18.9,,278.0,196.0,0.1,27.3
2017-07-27 05:00:00,27.2,1003.2,,84.0,,23.6,,47.0,205.0,0.8,27.3
2017-07-27 06:00:00,27.1,1002.9,,81.0,,18.4,,41.0,204.0,0.6.1,27.2
2017-07-27 07:00:00,26.9,1002.9,,82.0,,20.9,,324.0,189.0,0.3,27.3
2017-07-27 08:00:00,26.6,1002.6,,82.0,,19.2,,15.0,172.0,0.3.1,27.4
2017-07-27 09:00:00,26.4,1002.8,,83.0,,20.9,,339.0,143.0,0.4,27.7
2017-07-27 10:00:00,26.4,1003.4,,82.0,,24.1,,356.0,126.0,0.0,28.4
2017-07-27 11:00:00,27.7,1004.0,,78.0,,22.7,,258.0,112.0,0.8.1,29.1
2017-07-27 12:00:00,29.0,1004.3,,74.0,,24.4,,303.0,92.0,1.2,29.5
2017-07-27 13:00:00,30.4,1004.0,,66.0,,23.6,,237.0,92.0,2.2,30.2
2017-07-27 14:00:00,30.1,1004.2,,72.0,,25.3,,211.0,92.0,4.0,30.5
2017-07-27 15:00:00,31.3,1003.7,,66.0,,26.2,,206.0,102.0,2.6,30.8
2017-07-27 16:00:00,31.5,1003.0,,63.0,,26.4,,211.1,141.0,3.0,31.0
2017-07-27 17:00:00,31.7,1002.6,,66.0,,26.6,,210.0,304.0,2.9,31.2
2017-07-27 18:00:00,31.6,1002.1,,66.0,,26.2,,210.1,122.0,3.8,30.8
2017-07-27 19:00:00,31.5,1001.6,,66.0,,24.8,,216.0,605.0,3.9,30.0
2017-07-27 20:00:00,30.6,1001.6,,74.0,,24.4,,217.0,205.0,3.3,29.7
2017-07-27 21:00:00,29.7,1001.9,,79.0,,19.4,,213.0,1308.0,3.5,29.2
2017-07-27 22:00:00,29.3,1002.4,,80.0,,20.7,,215.0,82.0,2.2.1,29.2
2017-07-27 23:00:00,28.3,1003.4,,77.0,,19.0,,246.0,2116.0,0.1.1,29.2
2017-07-28 00:00:00,29.1,1004.4,,81.0,27.2,19.6,,228.0,127.0,1.3,29.1
2017-07-28 01:00:00,29.1,1005.0,,80.0,8.8,20.8,,191.0,133.0,0.7,28.9
2017-07-28 02:00:00,28.7,1005.3,,80.0,0.3,17.8,,285.0,146.0,2.3,29.1
2017-07-28 03:00:00,28.9,1005.5,,76.0,0.3,18.1,,68.0,158.0,0.1,28.8
2017-07-28 04:00:00,28.7,1005.0,,80.0,36.6,18.7,,320.0,172.0,0.8,28.9
2017-07-28 05:00:00,28.6,1004.3,,81.0,36.6,18.0,,316.0,182.0,1.1,28.7
2017-07-28 06:00:00,28.5,1004.4,,81.0,,21.7,,290.0,188.0,1.1.1,28.8
2017-07-28 07:00:00,28.2,1004.4,,81.0,,24.9,,302.0,188.0,0.4,28.9
2017-07-28 08:00:00,28.0,1004.1,,81.0,,20.6,,337.0,167.0,0.3,28.4
2017-07-28 09:00:00,27.8,1004.3,,81.0,,19.1,,38.0,157.0,0.4.1,28.7
2017-07-28 10:00:00,27.7,1004.4,,79.0,,22.1,,126.0,137.0,0.1.1,29.0
2017-07-28 11:00:00,28.1,1004.4,,80.0,,22.7,,313.0,125.0,1.7,29.6
2017-07-28 12:00:00,30.0,1004.1,,71.0,,20.7,,302.1,111.0,1.6,30.0
2017-07-28 13:00:00,30.3,1004.4,,70.0,,21.4,,256.0,97.0,2.5,30.6
2017-07-28 14:00:00,31.3,1004.7,,64.0,,23.2,,246.0,99.0,2.7,31.1
2017-07-28 15:00:00,30.9,1004.7,,71.0,,22.8,,199.0,107.0,3.3,31.1
2017-07-28 16:00:00,31.4,1004.5,,71.0,,29.3,,237.0,146.0,3.3.1,29.9
2017-07-28 17:00:00,31.9,1004.2,,70.0,,30.3,,212.0,322.0,4.5,29.9
2017-07-28 18:00:00,30.2,1004.1,,75.0,,29.5,,208.0,120.0,5.0,29.7
2017-07-28 19:00:00,26.1,1004.7,,87.0,,31.1,,41.0,708.0,1.6.1,29.8
2017-07-28 20:00:00,26.1,1003.9,,88.0,,23.2,,35.0,192.0,1.3.1,29.2
2017-07-28 21:00:00,26.4,1004.2,,86.0,,22.2,,47.0,1444.0,1.7.1,29.1
2017-07-28 22:00:00,26.6,1003.8,,84.0,,22.2,,45.0,96.0,0.4.2,29.1
2017-07-28 23:00:00,26.9,1004.5,,83.0,,21.0,,0.0,2102.0,0.3.1,28.9
2017-07-29 00:00:00,26.7,1004.9,,84.0,0.1,20.6,,51.0,129.0,1.1,28.9
2017-07-29 01:00:00,26.5,1004.9,,83.0,0.1,19.7,,339.0,124.0,0.7,28.9
2017-07-29 02:00:00,26.5,1005.4,,84.0,0.1,18.9,,64.0,132.0,0.1,28.7
2017-07-29 03:00:00,26.5,1005.6,,85.0,0.1,18.5,,68.0,141.0,0.0,28.6
2017-07-29 04:00:00,26.5,1004.6,,86.0,0.2,18.2,,286.0,150.0,0.4,28.6
2017-07-29 05:00:00,26.4,1004.3,,87.0,,17.4,,31.0,160.0,0.8,28.5
2017-07-29 06:00:00,26.6,1004.3,,91.0,,17.2,,329.0,164.0,0.4.1,28.4
2017-07-29 07:00:00,26.6,1004.2,,87.0,,17.2,,13.0,172.0,0.3,28.4
2017-07-29 08:00:00,26.7,1003.9,,85.0,,16.8,,293.0,164.0,1.4,28.2
2017-07-29 09:00:00,27.1,1004.0,,84.0,,16.8,,299.0,154.0,2.2,28.4
2017-07-29 10:00:00,28.1,1004.2,,76.0,,15.2,,306.0,143.0,3.1,28.7
2017-07-29 11:00:00,28.6,1004.3,,74.0,,15.6,,293.1,127.0,3.2,28.9
2017-07-29 12:00:00,29.5,1004.0,,70.0,,15.4,,265.0,119.0,4.2,29.2
2017-07-29 13:00:00,30.2,1004.2,,71.0,,13.5,,260.0,108.0,3.3,29.1
2017-07-29 14:00:00,30.5,1004.0,,69.0,,14.4,,261.0,104.0,4.0,29.4
2017-07-29 15:00:00,30.3,1003.1,,74.0,,13.5,,242.0,111.0,4.8,29.8
2017-07-29 16:00:00,30.1,1002.7,,73.0,,12.7,,239.0,155.0,5.4,29.8
2017-07-29 17:00:00,30.5,1002.2,,73.0,,12.7,,252.0,316.0,5.0,29.9
2017-07-29 18:00:00,30.7,1001.7,,70.0,,13.3,,251.0,121.0,5.7,29.7
2017-07-29 19:00:00,30.4,1001.6,,73.0,,13.0,,237.0,851.0,5.1,29.6
2017-07-29 20:00:00,30.5,1001.3,,73.0,,11.4,,245.0,174.0,5.3,28.6
2017-07-29 21:00:00,30.1,1001.3,,76.0,,10.8,,250.0,1456.0,5.3.1,28.4
2017-07-29 22:00:00,29.6,1001.8,,78.0,,10.3,,251.1,100.0,4.7,28.2
2017-07-29 23:00:00,29.1,1002.3,,80.0,,10.6,,260.1,2122.0,4.7.1,28.1
2017-07-30 00:00:00,29.1,1002.8,,78.0,0.1,11.0,,260.0,134.0,4.1,28.1
2017-07-30 01:00:00,29.0,1002.9,,79.0,0.1,10.3,,267.0,128.0,3.7,28.0
2017-07-30 02:00:00,28.8,1003.1,,80.0,0.1,9.8,,264.0,124.0,3.7.1,27.9
2017-07-30 03:00:00,28.7,1003.3,,81.0,,9.5,,283.0,127.0,3.5,27.8
2017-07-30 04:00:00,28.5,1002.9,,81.0,,10.4,,271.0,128.0,3.4,27.7
2017-07-30 05:00:00,28.6,1002.4,,78.0,,10.4,,280.0,136.0,3.6,27.5
2017-07-30 06:00:00,28.6,1001.9,,77.0,,11.9,,277.0,141.0,3.5.1,27.5
2017-07-30 07:00:00,28.5,1001.6,,77.0,,13.9,,273.0,144.0,4.4,27.6
2017-07-30 08:00:00,28.5,1001.3,,78.0,,14.2,,274.0,150.0,4.0,27.6
2017-07-30 09:00:00,28.4,1001.1,,79.0,,14.5,,293.0,145.0,4.4.1,27.8
2017-07-30 10:00:00,28.4,1001.3,,79.0,,12.7,,291.0,138.0,4.4.2,28.5
2017-07-30 11:00:00,28.9,1001.7,,77.0,,10.0,,289.0,128.0,3.9,29.2
2017-07-30 12:00:00,30.0,1002.4,,73.0,,10.7,,274.1,118.0,3.9.1,29.7
2017-07-30 13:00:00,30.2,1002.8,,72.0,,11.3,,260.1,112.0,4.6,30.2
2017-07-30 14:00:00,30.7,1002.8,,70.0,,11.1,,253.0,109.0,4.4.3,30.5
2017-07-30 15:00:00,31.0,1002.1,,68.0,,11.9,,254.0,111.0,4.8,30.9
2017-07-30 16:00:00,31.4,1001.7,,66.0,,12.7,,250.0,161.0,5.0,30.9
2017-07-30 17:00:00,31.3,1001.4,,66.0,,13.0,,245.0,435.0,4.9,31.0
2017-07-30 18:00:00,31.7,1000.8,,66.0,,13.6,,256.0,120.0,4.8.1,30.9
2017-07-30 19:00:00,31.5,1000.1,,68.0,,13.5,,263.0,926.0,4.9.1,30.7
2017-07-30 20:00:00,31.3,999.7,,68.0,,14.3,,260.2,151.0,4.7,30.4
2017-07-30 21:00:00,30.9,999.8,,67.0,,14.7,,244.0,1541.0,4.3,30.1
2017-07-30 22:00:00,30.4,1000.2,,71.0,,14.7,,263.1,104.0,3.7.2,30.0
2017-07-30 23:00:00,30.0,1000.7,,73.0,,14.2,,241.0,2218.0,2.3,29.4
2017-07-31 00:00:00,29.8,1001.1,,73.0,,13.1,,240.0,148.0,2.4,29.2
2017-07-31 01:00:00,29.6,1001.4,,75.0,,12.4,,227.0,139.0,2.6,29.3
2017-07-31 02:00:00,29.4,1001.8,,76.0,,12.7,,239.0,131.0,2.5,29.2
2017-07-31 03:00:00,29.3,1001.6,,79.0,,11.2,,240.1,121.0,2.9,29.1
2017-07-31 04:00:00,29.2,1001.0,,81.0,,11.1,,222.0,122.0,2.5.1,29.0
2017-07-31 05:00:00,29.2,1000.6,,82.0,,13.3,,231.0,125.0,2.1,28.9
2017-07-31 06:00:00,29.1,1000.0,,79.0,,13.6,,238.0,122.0,3.0,28.8
2017-07-31 07:00:00,29.3,1000.0,,78.0,,14.2,,245.0,126.0,3.3,28.7
2017-07-31 08:00:00,29.3,999.9,,78.0,,15.3,,241.0,131.0,3.0.1,28.6
2017-07-31 09:00:00,29.1,1000.4,,80.0,,17.4,,262.0,130.0,3.0.2,28.9
2017-07-31 10:00:00,28.9,1001.1,,81.0,,15.7,,290.0,130.0,2.1.1,29.4
2017-07-31 11:00:00,29.3,1001.3,,78.0,,14.5,,286.0,127.0,2.3,30.2
2017-07-31 12:00:00,30.7,1002.1,,73.0,,14.9,,277.0,118.0,2.4.1,30.8
2017-07-31 13:00:00,30.9,1002.4,,69.0,,15.7,,247.0,110.0,3.1,31.2
2017-07-31 14:00:00,31.5,1002.5,,68.0,,16.0,,254.0,105.0,3.8,31.8
2017-07-31 15:00:00,31.6,1002.3,,70.0,,16.5,,216.0,107.0,4.6,31.3
2017-07-31 16:00:00,31.6,1001.8,,72.0,,16.4,,208.0,171.0,4.6.1,31.8
2017-07-31 17:00:00,31.5,1001.2,,72.0,,18.2,,213.0,606.0,5.8,31.4
2017-07-31 18:00:00,31.4,1000.7,,73.0,,19.3,,211.0,118.0,6.5,31.3
2017-07-31 19:00:00,31.8,1000.1,,71.0,,19.1,,231.1,1228.0,4.7,31.1
2017-07-31 20:00:00,31.9,999.7,,69.0,,19.3,,253.0,135.0,3.1.1,30.5
2017-07-31 21:00:00,31.6,999.7,,71.0,,17.0,,260.0,1707.0,2.9.1,29.8
2017-07-31 22:00:00,30.6,1000.6,,75.0,,20.0,,252.0,102.0,2.3.1,29.8
2017-07-31 23:00:00,30.3,1001.3,,77.0,,20.7,,272.0,2228.0,1.4,29.8
